"RANKINDEX","customerNumber","customerName","contactLastName","contactFirstName","phone","addressLine1","addressLine2","city","state","postalCode","country","salesRepEmployeeNumber","creditLimit"
1,141,"Euro+ Shopping Channel","Freyre","Diego ","(91) 555 94 44","C/ Moralzarzal, 86",,"Madrid",,"28034","Spain",1370,227600.00
2,124,"Mini Gifts Distributors Ltd.","Nelson","Susan","4155551450","5677 Strong St.",,"San Rafael","CA","97562","USA",1165,210500.00
3,298,"Vida Sport, Ltd","Holz","Mihael","0897-034555","Grenzacherweg 237",,"Genève",,"1203","Switzerland",1702,141300.00
4,151,"Muscle Machine Inc","Young","Jeff","2125557413","4092 Furth Circle","Suite 400","NYC","NY","10022","USA",1286,138500.00
5,187,"AV Stores, Co.","Ashworth","Rachel","(171) 555-1555","Fauntleroy Circus",,"Manchester",,"EC2 5NT","UK",1501,136800.00
6,146,"Saveley & Henriot, Co.","Saveley","Mary ","78.32.5555","2, rue du Commerce",,"Lyon",,"69004","France",1337,123900.00
7,286,"Marta's Replicas Co.","Hernandez","Marta","6175558555","39323 Spinnaker Dr.",,"Cambridge","MA","51247","USA",1216,123700.00
8,386,"L'ordine Souveniers","Moroni","Maurizio ","0522-556555","Strada Provinciale 124",,"Reggio Emilia",,"42100","Italy",1401,121400.00
9,227,"Heintze Collectables","Ibsen","Palle","86 21 3555","Smagsloget 45",,"Århus",,"8200","Denmark",1401,120800.00
10,259,"Toms Spezialitäten, Ltd","Pfalzheim","Henriette ","0221-5554327","Mehrheimerstr. 369",,"Köln",,"50739","Germany",1504,120400.00
11,278,"Rovelli Gifts","Rovelli","Giovanni ","035-640555","Via Ludovico il Moro 22",,"Bergamo",,"24100","Italy",1401,119600.00
12,119,"La Rochelle Gifts","Labrune","Janine ","40.67.8555","67, rue des Cinquante Otages",,"Nantes",,"44000","France",1370,118200.00
13,114,"Australian Collectors, Co.","Ferguson","Peter","03 9520 4555","636 St Kilda Road","Level 3","Melbourne","Victoria","3004","Australia",1611,117300.00
14,448,"Scandinavian Gift Ideas","Larsson","Martha","0695-34 6555","Åkergatan 24",,"Bräcke",,"S-844 67","Sweden",1504,116400.00
15,131,"Land of Toys Inc.","Lee","Kwai","2125557818","897 Long Airport Avenue",,"NYC","NY","10022","USA",1323,114900.00
16,363,"Online Diecast Creations Co.","Young","Dorothy","6035558647","2304 Long Airport Avenue",,"Nashua","NH","62005","USA",1216,114200.00
17,249,"Amica Models & Co.","Accorti","Paolo ","011-4988555","Via Monte Bianco 34",,"Torino",,"10100","Italy",1401,113000.00
18,496,"Kelly's Gift Shop","Snowden","Tony","+64 9 5555500","Arenales 1938 3'A'",,"Auckland  ",,,"New Zealand",1612,110000.00
19,276,"Anna's Decorations, Ltd","O'Hara","Anna","02 9936 8555","201 Miller Street","Level 15","North Sydney","NSW","2060","Australia",1611,107800.00
20,239,"Collectable Mini Designs Co.","Thompson","Valarie","7605558146","361 Furth Circle",,"San Diego","CA","91217","USA",1166,105000.00
20,321,"Corporate Gift Ideas Co.","Brown","Julie","6505551386","7734 Strong St.",,"San Francisco","CA","94217","USA",1165,105000.00
22,458,"Corrida Auto Replicas, Ltd","Sommer","Martín ","(91) 555 22 82","C/ Araquil, 67",,"Madrid",,"28023","Spain",1702,104600.00
23,148,"Dragon Souveniers, Ltd.","Natividad","Eric","+65 221 7555","Bronz Sok.","Bronz Apt. 3/6 Tesvikiye","Singapore",,"079903","Singapore",1621,103800.00
24,319,"Mini Classics","Frick","Steve","9145554562","3758 North Pendale Street",,"White Plains","NY","24067","USA",1323,102700.00
25,157,"Diecast Classics Inc.","Leong","Kelvin","2155551555","7586 Pompton St.",,"Allentown","PA","70267","USA",1216,100600.00
26,334,"Suominen Souveniers","Suominen","Kalle","+358 9 8045 555","Software Engineering Center","SEC Oy","Espoo",,"FIN-02271","Finland",1501,98800.00
27,166,"Handji Gifts& Co","Victorino","Wendy","+65 224 1555","106 Linden Road Sandown","2nd Floor","Singapore",,"069045","Singapore",1612,97900.00
28,167,"Herkku Gifts","Oeztan","Veysel","+47 2267 3215","Brehmen St. 121","PR 334 Sentrum","Bergen",,"N 5804","Norway  ",1504,96800.00
29,186,"Toys of Finland, Co.","Karttunen","Matti","90-224 8555","Keskuskatu 45",,"Helsinki",,"21240","Finland",1501,96500.00
30,455,"Super Scale Inc.","Murphy","Leslie","2035559545","567 North Pendale Street",,"New Haven","CT","97823","USA",1286,95400.00
31,299,"Norway Gifts By Mail, Co.","Klaeboe","Jan","+47 2212 1555","Drammensveien 126A","PB 211 Sentrum","Oslo",,"N 0106","Norway  ",1504,95100.00
32,406,"Auto Canal+ Petit","Perrier","Dominique","(1) 47.55.6555","25, rue Lauriston",,"Paris",,"75016","France",1337,95000.00
33,320,"Mini Creations Ltd.","Huang","Wing","5085559555","4575 Hillside Dr.",,"New Bedford","MA","50553","USA",1188,94500.00
34,398,"Tokyo Collectables, Ltd","Shimamura","Akiko","+81 3 3584 0555","2-2-8 Roppongi",,"Minato-ku","Tokyo","106-0032","Japan",1621,94400.00
35,240,"giftsbymail.co.uk","Bennett","Helen ","(198) 555-8888","Garden House","Crowther Way 23","Cowes","Isle of Wight","PO31 7PJ","UK",1501,93900.00
36,282,"Souveniers And Things Co.","Huxley","Adrian","+61 2 9495 8555","Monitor Money Building","815 Pacific Hwy","Chatswood","NSW","2067","Australia",1611,93300.00
37,201,"UK Collectables, Ltd.","Devon","Elizabeth","(171) 555-2282","12, Berkeley Gardens Blvd",,"Liverpool",,"WX1 6LT","UK",1501,92700.00
38,205,"Toys4GrownUps.com","Young","Julie","6265557265","78934 Hillside Dr.",,"Pasadena","CA","90003","USA",1166,90700.00
39,311,"Oulu Toy Supplies, Inc.","Koskitalo","Pirkko","981-443655","Torikatu 38",,"Oulu",,"90110","Finland",1501,90500.00
40,202,"Canadian Gift Exchange Network","Tamuri","Yoshi ","(604) 555-3392","1900 Oak St.",,"Vancouver","BC","V3F 2K1","Canada",1323,90300.00
41,260,"Royal Canadian Collectables, Ltd.","Lincoln","Elizabeth ","(604) 555-4555","23 Tsawassen Blvd.",,"Tsawassen","BC","T2F 8M4","Canada",1323,89600.00
42,323,"Down Under Souveniers, Inc","Graham","Mike","+64 9 312 5555","162-164 Grafton Road","Level 2","Auckland  ",,,"New Zealand",1612,88000.00
43,412,"Extreme Desk Decorations, Ltd","McRoy","Sarah","04 499 9555","101 Lambton Quay","Level 11","Wellington",,,"New Zealand",1612,86800.00
44,462,"FunGiftIdeas.com","Benitez","Violeta","5085552555","1785 First Street",,"New Bedford","MA","50553","USA",1216,85800.00
45,495,"Diecast Collectables","Franco","Valarie","6175552555","6251 Ingle Ln.",,"Boston","MA","51003","USA",1188,85100.00
46,161,"Technics Stores Inc.","Hashimoto","Juri","6505556809","9408 Furth Circle",,"Burlingame","CA","94217","USA",1165,84600.00
47,172,"La Corne D'abondance, Co.","Bertrand","Marie","(1) 42.34.2555","265, boulevard Charonne",,"Paris",,"75012","France",1337,84300.00
47,175,"Gift Depot Inc.","King","Julie","2035552570","25593 South Bay Ln.",,"Bridgewater","CT","97562","USA",1323,84300.00
49,145,"Danish Wholesale Imports","Petersen","Jytte ","31 12 3555","Vinbæltet 34",,"Kobenhavn",,"1734","Denmark",1401,83400.00
50,171,"Daedalus Designs Imports","Rancé","Martine ","20.16.1555","184, chaussée de Tournai",,"Lille",,"59000","France",1370,82900.00
